-- phpMyAdmin SQL Dump
-- version 4.5.1
-- http://www.phpmyadmin.net
--
-- Host: 127.0.0.1
-- Generation Time: 10 Mar 2017 pada 03.44
-- Versi Server: 10.1.9-MariaDB
-- PHP Version: 5.6.15

SET SQL_MODE = "NO_AUTO_VALUE_ON_ZERO";
SET time_zone = "+00:00";


/*!40101 SET @OLD_CHARACTER_SET_CLIENT=@@CHARACTER_SET_CLIENT */;
/*!40101 SET @OLD_CHARACTER_SET_RESULTS=@@CHARACTER_SET_RESULTS */;
/*!40101 SET @OLD_COLLATION_CONNECTION=@@COLLATION_CONNECTION */;
/*!40101 SET NAMES utf8mb4 */;

--
-- Database: `db_latihan`
--

-- --------------------------------------------------------

--
-- Struktur dari tabel `catatan_harian`
--

CREATE TABLE `catatan_harian` (
  `id` int(11) NOT NULL,
  `nip` bigint(20) NOT NULL,
  `id_target` int(11) NOT NULL,
  `hari_ke` int(11) NOT NULL,
  `realisasi` int(11) NOT NULL
) ENGINE=InnoDB DEFAULT CHARSET=latin1;

--
-- Dumping data untuk tabel `catatan_harian`
--

INSERT INTO `catatan_harian` (`id`, `nip`, `id_target`, `hari_ke`, `realisasi`) VALUES
(4, 196212301983031004, 341, 1, 2),
(5, 196212301983031004, 341, 2, 3),
(6, 196212301983031004, 341, 3, 5),
(7, 196212301983031004, 413, 2, 5),
(8, 196212301983031004, 413, 2, 4);

-- --------------------------------------------------------

--
-- Struktur dari tabel `ckpr`
--

CREATE TABLE `ckpr` (
  `id` int(11) NOT NULL,
  `tahun` int(11) NOT NULL,
  `nip` bigint(20) NOT NULL,
  `januari` varchar(10) DEFAULT NULL,
  `februari` varchar(10) DEFAULT NULL,
  `maret` varchar(11) DEFAULT NULL,
  `april` varchar(11) DEFAULT NULL,
  `mei` varchar(11) DEFAULT NULL,
  `juni` varchar(11) DEFAULT NULL,
  `juli` varchar(11) DEFAULT NULL,
  `agustus` varchar(11) DEFAULT NULL,
  `september` varchar(11) DEFAULT NULL,
  `oktober` varchar(11) DEFAULT NULL,
  `november` varchar(11) DEFAULT NULL,
  `desember` varchar(11) DEFAULT NULL,
  `created_at` datetime NOT NULL,
  `updated_at` datetime NOT NULL
) ENGINE=InnoDB DEFAULT CHARSET=latin1;

--
-- Dumping data untuk tabel `ckpr`
--

INSERT INTO `ckpr` (`id`, `tahun`, `nip`, `januari`, `februari`, `maret`, `april`, `mei`, `juni`, `juli`, `agustus`, `september`, `oktober`, `november`, `desember`, `created_at`, `updated_at`) VALUES
(55, 2016, 196212301983031004, '99,8', '98', NULL, '98', '98', '98', '98', '98', NULL, NULL, '98', NULL, '2017-01-08 04:41:42', '2017-01-08 04:41:42'),
(56, 2016, 196503041994011001, '99,8', '78,89', NULL, '78,89', '78,89', '78,89', '78,89', '78,89', NULL, NULL, '78,89', NULL, '2017-01-08 04:41:42', '2017-01-08 04:41:42'),
(57, 2016, 196604061993031001, '99,8', '89,89', NULL, '89,89', '89,89', '89,89', '89,89', '89,89', NULL, NULL, '89,89', NULL, '2017-01-08 04:41:42', '2017-01-08 04:41:42'),
(58, 2016, 198985832837912000, '89,89', '89,89', NULL, '89,89', '89,89', '89,89', '89,89', '89,89', NULL, NULL, '89,89', NULL, '2017-01-08 04:41:42', '2017-01-08 04:41:42'),
(59, 2016, 198983810792919000, '89,9', '89,9', NULL, '89,9', NULL, NULL, NULL, NULL, NULL, NULL, NULL, NULL, '2017-01-08 04:41:42', '2017-01-08 04:41:42'),
(60, 2016, 198983810792910000, NULL, NULL, NULL, NULL, '89,9', '89,9', '89,9', '89,9', NULL, NULL, '89,9', NULL, '2017-01-08 04:46:58', '2017-01-08 04:46:58'),
(61, 2016, 198991898972878000, NULL, NULL, NULL, NULL, '97,78', NULL, NULL, NULL, NULL, NULL, NULL, NULL, '2017-01-13 13:06:05', '2017-01-13 13:06:05'),
(62, 2016, 198991898972865000, NULL, NULL, NULL, NULL, '98,78', NULL, NULL, NULL, NULL, NULL, NULL, NULL, '2017-01-13 13:06:05', '2017-01-13 13:06:05'),
(63, 2016, 198991898972852000, NULL, NULL, NULL, NULL, '98,45', NULL, NULL, NULL, NULL, NULL, NULL, NULL, '2017-01-13 13:06:05', '2017-01-13 13:06:05'),
(64, 2016, 198991898972839000, NULL, NULL, NULL, NULL, '98,45', NULL, NULL, NULL, NULL, NULL, NULL, NULL, '2017-01-13 13:06:05', '2017-01-13 13:06:05'),
(65, 2016, 198991898972826000, NULL, NULL, NULL, NULL, '98,45', NULL, NULL, NULL, NULL, NULL, NULL, NULL, '2017-01-13 13:06:06', '2017-01-13 13:06:06'),
(66, 2016, 198991898972813000, NULL, NULL, NULL, NULL, '98,45', NULL, NULL, NULL, NULL, NULL, NULL, NULL, '2017-01-13 13:06:06', '2017-01-13 13:06:06'),
(67, 2017, 196503041994011001, '99,6', NULL, NULL, NULL, NULL, NULL, NULL, NULL, NULL, NULL, NULL, NULL, '2017-03-07 09:50:50', '2017-03-07 09:50:50'),
(68, 2017, 196212301983031004, '99,6', NULL, NULL, NULL, NULL, NULL, NULL, NULL, NULL, NULL, NULL, NULL, '2017-03-07 09:50:50', '2017-03-07 09:50:50'),
(69, 2017, 196604061993031001, '99,6', NULL, NULL, NULL, NULL, NULL, NULL, NULL, NULL, NULL, NULL, NULL, '2017-03-07 09:50:50', '2017-03-07 09:50:50'),
(70, 2017, 196806211992121001, '99,6', NULL, NULL, NULL, NULL, NULL, NULL, NULL, NULL, NULL, NULL, NULL, '2017-03-07 09:50:50', '2017-03-07 09:50:50'),
(71, 2017, 197010041990031002, '99,6', NULL, NULL, NULL, NULL, NULL, NULL, NULL, NULL, NULL, NULL, NULL, '2017-03-07 09:50:50', '2017-03-07 09:50:50'),
(72, 2017, 197101011994012001, '99,6', NULL, NULL, NULL, NULL, NULL, NULL, NULL, NULL, NULL, NULL, NULL, '2017-03-07 09:50:51', '2017-03-07 09:50:51'),
(73, 2017, 197706201999121001, '99,6', NULL, NULL, NULL, NULL, NULL, NULL, NULL, NULL, NULL, NULL, NULL, '2017-03-07 09:50:51', '2017-03-07 09:50:51'),
(74, 2017, 196102081981011001, '99,6', NULL, NULL, NULL, NULL, NULL, NULL, NULL, NULL, NULL, NULL, NULL, '2017-03-07 09:50:51', '2017-03-07 09:50:51'),
(75, 2017, 197207061998031007, '99,6', NULL, NULL, NULL, NULL, NULL, NULL, NULL, NULL, NULL, NULL, NULL, '2017-03-07 09:50:51', '2017-03-07 09:50:51'),
(76, 2017, 198402112001122002, '99,6', NULL, NULL, NULL, NULL, NULL, NULL, NULL, NULL, NULL, NULL, NULL, '2017-03-07 09:50:51', '2017-03-07 09:50:51'),
(77, 2017, 198105222006041003, '99,6', NULL, NULL, NULL, NULL, NULL, NULL, NULL, NULL, NULL, NULL, NULL, '2017-03-07 09:50:51', '2017-03-07 09:50:51'),
(78, 2017, 196708192007011006, '99,6', NULL, NULL, NULL, NULL, NULL, NULL, NULL, NULL, NULL, NULL, NULL, '2017-03-07 09:50:51', '2017-03-07 09:50:51'),
(79, 2017, 196107301985031005, '99,6', NULL, NULL, NULL, NULL, NULL, NULL, NULL, NULL, NULL, NULL, NULL, '2017-03-07 09:50:51', '2017-03-07 09:50:51'),
(80, 2017, 197507242009011003, '99,6', NULL, NULL, NULL, NULL, NULL, NULL, NULL, NULL, NULL, NULL, NULL, '2017-03-07 09:50:51', '2017-03-07 09:50:51'),
(81, 2017, 197806042002121003, '99,6', NULL, NULL, NULL, NULL, NULL, NULL, NULL, NULL, NULL, NULL, NULL, '2017-03-07 09:50:51', '2017-03-07 09:50:51'),
(82, 2017, 198101292006041012, '99,6', NULL, NULL, NULL, NULL, NULL, NULL, NULL, NULL, NULL, NULL, NULL, '2017-03-07 09:50:51', '2017-03-07 09:50:51'),
(83, 2017, 198003302006041009, '99,6', NULL, NULL, NULL, NULL, NULL, NULL, NULL, NULL, NULL, NULL, NULL, '2017-03-07 09:50:51', '2017-03-07 09:50:51'),
(84, 2017, 198209082009011007, '99,6', NULL, NULL, NULL, NULL, NULL, NULL, NULL, NULL, NULL, NULL, NULL, '2017-03-07 09:50:51', '2017-03-07 09:50:51'),
(85, 2017, 193007041985031005, '99,6', NULL, NULL, NULL, NULL, NULL, NULL, NULL, NULL, NULL, NULL, NULL, '2017-03-07 09:50:51', '2017-03-07 09:50:51'),
(86, 2017, 196704241994031009, '99,6', NULL, NULL, NULL, NULL, NULL, NULL, NULL, NULL, NULL, NULL, NULL, '2017-03-07 09:50:51', '2017-03-07 09:50:51'),
(87, 2017, 197311112009011005, '99,6', NULL, NULL, NULL, NULL, NULL, NULL, NULL, NULL, NULL, NULL, NULL, '2017-03-07 09:50:51', '2017-03-07 09:50:51'),
(88, 2017, 198602122009011006, '99,6', NULL, NULL, NULL, NULL, NULL, NULL, NULL, NULL, NULL, NULL, NULL, '2017-03-07 09:50:51', '2017-03-07 09:50:51'),
(89, 2017, 197702082007011003, '99,6', NULL, NULL, NULL, NULL, NULL, NULL, NULL, NULL, NULL, NULL, NULL, '2017-03-07 09:50:51', '2017-03-07 09:50:51'),
(90, 2017, 196707051989021001, '99,6', NULL, NULL, NULL, NULL, NULL, NULL, NULL, NULL, NULL, NULL, NULL, '2017-03-07 09:50:51', '2017-03-07 09:50:51'),
(91, 2017, 197806122014062003, '99,6', NULL, NULL, NULL, NULL, NULL, NULL, NULL, NULL, NULL, NULL, NULL, '2017-03-07 09:50:51', '2017-03-07 09:50:51'),
(92, 2017, 198402262008011005, '99,6', NULL, NULL, NULL, NULL, NULL, NULL, NULL, NULL, NULL, NULL, NULL, '2017-03-07 09:50:51', '2017-03-07 09:50:51'),
(93, 2016, 196806211992121001, '99,8', NULL, NULL, NULL, NULL, NULL, NULL, NULL, NULL, NULL, NULL, NULL, '2017-03-07 09:56:00', '2017-03-07 09:56:00'),
(94, 2016, 197010041990031002, '99,8', NULL, NULL, NULL, NULL, NULL, NULL, NULL, NULL, NULL, NULL, NULL, '2017-03-07 09:56:00', '2017-03-07 09:56:00'),
(95, 2016, 197101011994012001, '99,8', NULL, NULL, NULL, NULL, NULL, NULL, NULL, NULL, NULL, NULL, NULL, '2017-03-07 09:56:00', '2017-03-07 09:56:00'),
(96, 2016, 197706201999121001, '99,8', NULL, NULL, NULL, NULL, NULL, NULL, NULL, NULL, NULL, NULL, NULL, '2017-03-07 09:56:00', '2017-03-07 09:56:00'),
(97, 2016, 196102081981011001, '99,8', NULL, NULL, NULL, NULL, NULL, NULL, NULL, NULL, NULL, NULL, NULL, '2017-03-07 09:56:00', '2017-03-07 09:56:00'),
(98, 2016, 197207061998031007, '99,8', NULL, NULL, NULL, NULL, NULL, NULL, NULL, NULL, NULL, NULL, NULL, '2017-03-07 09:56:00', '2017-03-07 09:56:00'),
(99, 2016, 198402112001122002, '99,8', NULL, NULL, NULL, NULL, NULL, NULL, NULL, NULL, NULL, NULL, NULL, '2017-03-07 09:56:00', '2017-03-07 09:56:00'),
(100, 2016, 198105222006041003, '99,8', NULL, NULL, NULL, NULL, NULL, NULL, NULL, NULL, NULL, NULL, NULL, '2017-03-07 09:56:00', '2017-03-07 09:56:00'),
(101, 2016, 196708192007011006, '99,8', NULL, NULL, NULL, NULL, NULL, NULL, NULL, NULL, NULL, NULL, NULL, '2017-03-07 09:56:00', '2017-03-07 09:56:00'),
(102, 2016, 196107301985031005, '99,8', NULL, NULL, NULL, NULL, NULL, NULL, NULL, NULL, NULL, NULL, NULL, '2017-03-07 09:56:00', '2017-03-07 09:56:00'),
(103, 2016, 197507242009011003, '99,8', NULL, NULL, NULL, NULL, NULL, NULL, NULL, NULL, NULL, NULL, NULL, '2017-03-07 09:56:00', '2017-03-07 09:56:00'),
(104, 2016, 197806042002121003, '99,8', NULL, NULL, NULL, NULL, NULL, NULL, NULL, NULL, NULL, NULL, NULL, '2017-03-07 09:56:00', '2017-03-07 09:56:00'),
(105, 2016, 198101292006041012, '99,8', NULL, NULL, NULL, NULL, NULL, NULL, NULL, NULL, NULL, NULL, NULL, '2017-03-07 09:56:00', '2017-03-07 09:56:00'),
(106, 2016, 198003302006041009, '99,8', NULL, NULL, NULL, NULL, NULL, NULL, NULL, NULL, NULL, NULL, NULL, '2017-03-07 09:56:00', '2017-03-07 09:56:00'),
(107, 2016, 198209082009011007, '99,8', NULL, NULL, NULL, NULL, NULL, NULL, NULL, NULL, NULL, NULL, NULL, '2017-03-07 09:56:01', '2017-03-07 09:56:01'),
(108, 2016, 193007041985031005, '99,8', NULL, NULL, NULL, NULL, NULL, NULL, NULL, NULL, NULL, NULL, NULL, '2017-03-07 09:56:01', '2017-03-07 09:56:01'),
(109, 2016, 196704241994031009, '99,8', NULL, NULL, NULL, NULL, NULL, NULL, NULL, NULL, NULL, NULL, NULL, '2017-03-07 09:56:01', '2017-03-07 09:56:01'),
(110, 2016, 197311112009011005, '99,8', NULL, NULL, NULL, NULL, NULL, NULL, NULL, NULL, NULL, NULL, NULL, '2017-03-07 09:56:01', '2017-03-07 09:56:01'),
(111, 2016, 198602122009011006, '99,8', NULL, NULL, NULL, NULL, NULL, NULL, NULL, NULL, NULL, NULL, NULL, '2017-03-07 09:56:01', '2017-03-07 09:56:01'),
(112, 2016, 197702082007011003, '99,8', NULL, NULL, NULL, NULL, NULL, NULL, NULL, NULL, NULL, NULL, NULL, '2017-03-07 09:56:01', '2017-03-07 09:56:01'),
(113, 2016, 196707051989021001, '99,8', NULL, NULL, NULL, NULL, NULL, NULL, NULL, NULL, NULL, NULL, NULL, '2017-03-07 09:56:01', '2017-03-07 09:56:01'),
(114, 2016, 197806122014062003, '99,8', NULL, NULL, NULL, NULL, NULL, NULL, NULL, NULL, NULL, NULL, NULL, '2017-03-07 09:56:01', '2017-03-07 09:56:01'),
(115, 2016, 198402262008011005, '99,8', NULL, NULL, NULL, NULL, NULL, NULL, NULL, NULL, NULL, NULL, NULL, '2017-03-07 09:56:01', '2017-03-07 09:56:01');

-- --------------------------------------------------------

--
-- Struktur dari tabel `indeks_kesulitan`
--

CREATE TABLE `indeks_kesulitan` (
  `id` int(11) NOT NULL,
  `indeks_kesulitan` varchar(50) NOT NULL
) ENGINE=InnoDB DEFAULT CHARSET=latin1;

--
-- Dumping data untuk tabel `indeks_kesulitan`
--

INSERT INTO `indeks_kesulitan` (`id`, `indeks_kesulitan`) VALUES
(1, 'Sangat Sulit'),
(2, 'Sulit'),
(3, 'Sedang'),
(4, 'Mudah'),
(5, 'Sangat Mudah');

-- --------------------------------------------------------

--
-- Struktur dari tabel `jabatan`
--

CREATE TABLE `jabatan` (
  `id` int(11) NOT NULL,
  `jabatan` varchar(100) NOT NULL
) ENGINE=InnoDB DEFAULT CHARSET=latin1;

--
-- Dumping data untuk tabel `jabatan`
--

INSERT INTO `jabatan` (`id`, `jabatan`) VALUES
(1, 'Kepala BPS'),
(2, 'KASI'),
(3, 'Staff/KSK');

-- --------------------------------------------------------

--
-- Struktur dari tabel `jlh_responden`
--

CREATE TABLE `jlh_responden` (
  `id` int(11) NOT NULL,
  `pegawai_id` int(11) NOT NULL,
  `survei_id` int(11) NOT NULL,
  `jlh_responden` int(11) NOT NULL
) ENGINE=InnoDB DEFAULT CHARSET=latin1;

-- --------------------------------------------------------

--
-- Struktur dari tabel `jlh_responden_jabatan`
--

CREATE TABLE `jlh_responden_jabatan` (
  `id` int(11) NOT NULL,
  `pegawai_id` int(11) NOT NULL,
  `survei_id` int(11) NOT NULL,
  `bobot` float NOT NULL,
  `jlh_responden` int(11) NOT NULL
) ENGINE=InnoDB DEFAULT CHARSET=latin1;

-- --------------------------------------------------------

--
-- Struktur dari tabel `ketepatan_waktu`
--

CREATE TABLE `ketepatan_waktu` (
  `id` int(11) NOT NULL,
  `ketepatan_waktu` varchar(50) NOT NULL
) ENGINE=InnoDB DEFAULT CHARSET=latin1;

--
-- Dumping data untuk tabel `ketepatan_waktu`
--

INSERT INTO `ketepatan_waktu` (`id`, `ketepatan_waktu`) VALUES
(1, 'Sangat Tepat'),
(2, 'Cukup Tepat'),
(3, 'Tepat Waktu'),
(4, 'Terlambat'),
(5, 'Sangat Terlambat');

-- --------------------------------------------------------

--
-- Struktur dari tabel `kuesioner_pegawai`
--

CREATE TABLE `kuesioner_pegawai` (
  `id` int(11) NOT NULL,
  `pegawai_id` int(11) NOT NULL,
  `survei_id` int(11) NOT NULL,
  `jabatan_fungsional` int(2) NOT NULL,
  `keterlibatan_survei` int(2) NOT NULL,
  `jarak` int(2) NOT NULL,
  `nilai_pendalaman` int(2) NOT NULL,
  `produktivitas` int(2) NOT NULL,
  `umur` int(2) NOT NULL,
  `kemampuan_komunikasi` int(2) NOT NULL,
  `ketebalan_dokumen` int(2) NOT NULL
) ENGINE=InnoDB DEFAULT CHARSET=latin1;

--
-- Dumping data untuk tabel `kuesioner_pegawai`
--

INSERT INTO `kuesioner_pegawai` (`id`, `pegawai_id`, `survei_id`, `jabatan_fungsional`, `keterlibatan_survei`, `jarak`, `nilai_pendalaman`, `produktivitas`, `umur`, `kemampuan_komunikasi`, `ketebalan_dokumen`) VALUES
(13, 21, 6, 4, 5, 2, 2, 5, 58, 16, 2),
(14, 22, 6, 4, 2, 2, 3, 3, 62, 15, 2),
(15, 23, 6, 5, 9, 2, 2, 3, 55, 12, 2),
(16, 24, 6, 2, 10, 1, 3, 5, 43, 7, 2),
(17, 25, 6, 2, 5, 1, 4, 2, 37, 11, 2),
(18, 27, 6, 1, 5, 2, 2, 4, 40, 10, 2),
(19, 28, 6, 3, 7, 3, 3, 3, 35, 7, 2),
(20, 29, 6, 3, 7, 3, 4, 5, 34, 15, 2),
(21, 30, 6, 4, 8, 3, 4, 3, 35, 9, 2),
(22, 31, 6, 5, 3, 3, 2, 3, 49, 9, 2),
(23, 21, 7, 4, 11, 2, 1, 2, 58, 16, 3),
(24, 22, 7, 4, 8, 2, 2, 4, 62, 15, 3),
(25, 23, 7, 5, 15, 2, 2, 4, 55, 12, 3),
(26, 24, 7, 2, 11, 1, 2, 3, 43, 7, 3),
(27, 25, 7, 2, 9, 2, 3, 1, 37, 11, 3),
(28, 27, 7, 1, 6, 1, 4, 4, 40, 10, 3),
(29, 28, 7, 3, 10, 2, 4, 4, 35, 7, 3),
(30, 29, 7, 3, 7, 3, 3, 3, 34, 15, 3),
(31, 30, 7, 4, 9, 3, 3, 2, 35, 9, 3),
(32, 31, 7, 5, 9, 3, 4, 4, 49, 9, 3),
(33, 21, 8, 4, 8, 3, 4, 6, 58, 16, 1),
(34, 22, 8, 4, 7, 3, 4, 8, 62, 15, 1),
(35, 23, 8, 5, 10, 3, 2, 7, 55, 12, 1),
(36, 24, 8, 2, 10, 3, 3, 8, 43, 7, 1),
(37, 25, 8, 2, 9, 3, 3, 8, 37, 11, 1),
(38, 27, 8, 1, 9, 3, 3, 7, 40, 10, 1),
(39, 28, 8, 3, 6, 2, 4, 6, 35, 7, 1),
(40, 29, 8, 3, 9, 1, 3, 8, 34, 15, 1),
(41, 30, 8, 4, 10, 2, 2, 8, 35, 9, 1),
(42, 31, 8, 5, 7, 3, 2, 6, 49, 9, 1),
(43, 21, 9, 4, 7, 2, 3, 4, 58, 16, 3),
(44, 22, 9, 4, 5, 1, 3, 6, 62, 15, 3),
(45, 23, 9, 5, 8, 1, 4, 4, 55, 12, 3),
(46, 24, 9, 2, 8, 1, 4, 5, 43, 7, 3),
(47, 25, 9, 2, 9, 1, 4, 6, 37, 11, 3),
(48, 27, 9, 1, 2, 1, 2, 5, 40, 10, 3),
(49, 28, 9, 3, 10, 3, 3, 5, 35, 7, 3),
(50, 29, 9, 3, 6, 3, 2, 3, 34, 15, 3),
(51, 30, 9, 4, 8, 3, 2, 4, 35, 9, 3),
(52, 31, 9, 5, 8, 3, 3, 6, 49, 9, 3);

-- --------------------------------------------------------

--
-- Struktur dari tabel `level_user`
--

CREATE TABLE `level_user` (
  `id` int(11) NOT NULL,
  `role` varchar(50) NOT NULL
) ENGINE=InnoDB DEFAULT CHARSET=latin1;

--
-- Dumping data untuk tabel `level_user`
--

INSERT INTO `level_user` (`id`, `role`) VALUES
(1, 'admin'),
(2, 'kasi/kepala BPS'),
(3, 'staff');

-- --------------------------------------------------------

--
-- Struktur dari tabel `lokasi_responden`
--

CREATE TABLE `lokasi_responden` (
  `id` int(11) NOT NULL,
  `lokasi_responden` varchar(50) NOT NULL
) ENGINE=InnoDB DEFAULT CHARSET=latin1;

--
-- Dumping data untuk tabel `lokasi_responden`
--

INSERT INTO `lokasi_responden` (`id`, `lokasi_responden`) VALUES
(1, 'Dekat'),
(2, 'Sedang'),
(3, 'Jauh');

-- --------------------------------------------------------

--
-- Struktur dari tabel `nilai_pengalaman`
--

CREATE TABLE `nilai_pengalaman` (
  `id` int(11) NOT NULL,
  `nilai_pengalaman` varchar(50) NOT NULL
) ENGINE=InnoDB DEFAULT CHARSET=latin1;

--
-- Dumping data untuk tabel `nilai_pengalaman`
--

INSERT INTO `nilai_pengalaman` (`id`, `nilai_pengalaman`) VALUES
(1, 'Sangat Ahli'),
(2, 'Ahli'),
(3, 'Sedang'),
(4, 'Kurang'),
(5, 'Tidak Ahli');

-- --------------------------------------------------------

--
-- Struktur dari tabel `password_resets`
--

CREATE TABLE `password_resets` (
  `id` int(11) NOT NULL,
  `email` varchar(100) NOT NULL,
  `token` varchar(250) NOT NULL,
  `created_at` datetime NOT NULL
) ENGINE=InnoDB DEFAULT CHARSET=latin1;

--
-- Dumping data untuk tabel `password_resets`
--

INSERT INTO `password_resets` (`id`, `email`, `token`, `created_at`) VALUES
(10, 'amuhshi@gmail.com', 'da7332e7ce77362e0ddb27c6e50f03062dc7eac7ab8d9385a99325aa400d74de', '2016-12-03 08:36:36'),
(11, 'amuhshi@gmail.com', '176bb7595cf08be56fb905f89dae07479c9e73726cc70eea47b776c3b6dd0b47', '2016-12-03 08:36:36');

-- --------------------------------------------------------

--
-- Struktur dari tabel `pegawai`
--

CREATE TABLE `pegawai` (
  `id` int(11) NOT NULL,
  `nama` varchar(100) NOT NULL,
  `username` varchar(50) NOT NULL,
  `email` varchar(255) CHARACTER SET utf8 COLLATE utf8_bin NOT NULL,
  `nip` bigint(20) NOT NULL,
  `ketepatan_waktu` int(11) NOT NULL,
  `tingkat_pendidikan_id` int(11) NOT NULL,
  `jabatan` int(11) NOT NULL,
  `nilai_pengalaman` int(5) NOT NULL,
  `created_at` datetime NOT NULL,
  `updated_at` datetime NOT NULL,
  `sudah_diperiksa` int(1) NOT NULL DEFAULT '0'
) ENGINE=InnoDB DEFAULT CHARSET=latin1;

--
-- Dumping data untuk tabel `pegawai`
--

INSERT INTO `pegawai` (`id`, `nama`, `username`, `email`, `nip`, `ketepatan_waktu`, `tingkat_pendidikan_id`, `jabatan`, `nilai_pengalaman`, `created_at`, `updated_at`, `sudah_diperiksa`) VALUES
(35, 'Muhshi', 'muhshi', 'muhshi@kasi.com', 196212301983031004, 1, 1, 2, 1, '2017-02-04 03:04:15', '2017-03-04 17:39:18', 0),
(36, 'Ir. Kusriyawanto', 'kusri', 'kusri@email.com', 196503041994011001, 1, 7, 1, 1, '2017-02-04 09:50:21', '2017-02-04 09:50:21', 0),
(37, 'Drs. Sutarjo', 'sutarjo', 'sutarjo@email.com', 196212301983031004, 1, 7, 2, 1, '2017-02-04 09:51:06', '2017-02-04 09:51:06', 0),
(38, 'MI Darmawan,SE, MM', 'darmawan', 'darmawan@email.com', 196604061993031001, 1, 7, 2, 1, '2017-02-04 09:52:08', '2017-02-04 09:52:08', 0),
(39, 'Drs. Yudianto, M.Si', 'yudi', 'yudi@email.com', 196806211992121001, 1, 7, 2, 1, '2017-02-04 09:52:40', '2017-02-04 09:52:40', 0),
(40, 'Budi Hartono, SST', 'budi', 'budi@email.com', 197010041990031002, 1, 7, 2, 1, '2017-02-04 09:53:09', '2017-02-04 09:53:09', 0),
(41, 'Siti Sholichah,SP', 'siti', 'siti@email.com', 197101011994012001, 1, 5, 3, 1, '2017-02-04 09:53:47', '2017-02-04 09:53:47', 0),
(42, 'Agung Prasetiyo,SST', 'agung', 'agung@bps.go.id', 197706201999121001, 1, 6, 2, 1, '2017-02-05 01:09:45', '2017-02-05 01:09:45', 0),
(43, 'Mislanto, SE', 'mislanto', 'mislanto@bps.go.id', 196102081981011001, 2, 4, 3, 2, '2017-02-05 01:11:07', '2017-02-05 01:11:07', 0),
(44, 'Eko Sugiyanto', 'eko', 'eko@bps.go.id', 197207061998031007, 1, 4, 3, 1, '2017-02-05 01:13:24', '2017-02-05 01:13:24', 0),
(45, 'Arie Andriyani,SE', 'ari', 'ari@bps.go.id', 198402112001122002, 1, 6, 3, 1, '2017-02-05 01:14:59', '2017-02-05 01:14:59', 0),
(46, 'Mamat Didi Iswanto', 'mamat', 'mamat@bps.go.id', 198105222006041003, 1, 4, 3, 1, '2017-02-05 01:15:48', '2017-02-05 01:15:48', 0),
(47, 'Mashuri', 'mashuri', 'mashuri@bps.go.id', 196708192007011006, 3, 3, 3, 2, '2017-02-05 01:18:09', '2017-02-05 01:18:09', 0),
(48, 'Prayitno', 'prayitno@bps.go.id', 'prayitno@bps.go.id', 196107301985031005, 3, 4, 3, 3, '2017-02-05 01:19:25', '2017-02-05 01:19:25', 0),
(49, 'Sucahyo Eddi,ST', 'edi', 'eddi@bps.go.id', 197806042002121003, 1, 6, 3, 1, '2017-02-05 01:21:09', '2017-02-05 01:21:09', 0),
(50, 'Bambang Suhartono', 'bambang', 'bambang@bps.go.id', 198101292006041012, 3, 5, 3, 2, '2017-02-05 01:22:08', '2017-02-05 01:22:08', 0),
(51, 'Dwi Sukmono Aji', 'aji', 'aji@bps.go.id', 198003302006041009, 3, 5, 3, 2, '2017-02-05 01:23:21', '2017-02-05 01:23:21', 0),
(52, 'Bayu Singgih Hardianto', 'bayu', 'bayu@bps.go.id', 198209082009011007, 3, 4, 3, 3, '2017-02-05 01:24:14', '2017-02-05 01:24:14', 0),
(54, 'Bambang Subagyo,S Sos', 'bambangs', 'bambangs@bps.go.id', 196007041985031005, 2, 6, 3, 2, '2017-02-05 01:28:23', '2017-02-05 01:28:23', 0),
(55, 'Mujiono,SE', 'mujiono', 'mujiono@bps.go.id', 196704241994031009, 2, 6, 3, 2, '2017-02-05 01:29:30', '2017-02-05 01:29:30', 0),
(56, 'Joko Santosa', 'joko', 'joko@bps.go.id', 197311112009011005, 2, 4, 3, 2, '2017-02-05 01:30:19', '2017-02-05 01:30:19', 0),
(57, 'Yudha Adi Pratama', 'yuda', 'yuda@bps.go.id', 198602122009011006, 3, 4, 3, 2, '2017-02-05 01:31:15', '2017-02-05 01:31:15', 0),
(58, 'Andri Windiastono', 'andri', 'andri@bps.go.id', 197702082007011003, 3, 4, 3, 2, '2017-02-05 01:32:02', '2017-02-05 01:32:02', 0),
(59, 'Nurulia Widyaningsih', 'nurul', 'nurul@bps.go.id', 197806122014062003, 2, 4, 3, 3, '2017-02-05 01:32:53', '2017-02-05 01:32:53', 0);

-- --------------------------------------------------------

--
-- Struktur dari tabel `pendekatan_unit_sampel`
--

CREATE TABLE `pendekatan_unit_sampel` (
  `id` int(11) NOT NULL,
  `pendekatan_unit_sampel` varchar(50) NOT NULL
) ENGINE=InnoDB DEFAULT CHARSET=latin1;

--
-- Dumping data untuk tabel `pendekatan_unit_sampel`
--

INSERT INTO `pendekatan_unit_sampel` (`id`, `pendekatan_unit_sampel`) VALUES
(1, 'Rumah Tangga'),
(2, 'Unit Usaha/Perusahaan');

-- --------------------------------------------------------

--
-- Struktur dari tabel `pengalaman_survei`
--

CREATE TABLE `pengalaman_survei` (
  `id` int(11) NOT NULL,
  `pengalaman_survei` varchar(50) NOT NULL
) ENGINE=InnoDB DEFAULT CHARSET=latin1;

--
-- Dumping data untuk tabel `pengalaman_survei`
--

INSERT INTO `pengalaman_survei` (`id`, `pengalaman_survei`) VALUES
(1, '0-5 Tahun'),
(2, '6-10 Tahun'),
(3, 'Lebih dari 10 Tahun');

-- --------------------------------------------------------

--
-- Struktur dari tabel `prioritas`
--

CREATE TABLE `prioritas` (
  `id` int(11) NOT NULL,
  `survei_id` int(11) NOT NULL
) ENGINE=InnoDB DEFAULT CHARSET=latin1;

-- --------------------------------------------------------

--
-- Struktur dari tabel `produktifitas`
--

CREATE TABLE `produktifitas` (
  `id` int(11) NOT NULL,
  `seksi` varchar(100) NOT NULL,
  `survei` varchar(100) NOT NULL,
  `nip` varchar(20) NOT NULL,
  `produktifitas` int(11) NOT NULL,
  `created_at` datetime NOT NULL,
  `updated_at` datetime NOT NULL
) ENGINE=InnoDB DEFAULT CHARSET=latin1;

--
-- Dumping data untuk tabel `produktifitas`
--

INSERT INTO `produktifitas` (`id`, `seksi`, `survei`, `nip`, `produktifitas`, `created_at`, `updated_at`) VALUES
(265, '2', '2', '196212301983031004', 9, '2017-02-12 09:48:05', '2017-02-12 09:48:05'),
(266, '2', '2', '196604061993031001', 14, '2017-02-12 09:48:05', '2017-02-12 09:48:05'),
(267, '2', '2', '196806211992121001', 9, '2017-02-12 09:48:06', '2017-02-12 09:48:06'),
(268, '2', '2', '197010041990031002', 11, '2017-02-12 09:48:06', '2017-02-12 09:48:06'),
(269, '2', '2', '197101011994012001', 12, '2017-02-12 09:48:06', '2017-02-12 09:48:06'),
(270, '2', '2', '197706201999121001', 5, '2017-02-12 09:48:06', '2017-02-12 09:48:06'),
(271, '2', '2', '196102081981011001', 15, '2017-02-12 09:48:06', '2017-02-12 09:48:06'),
(272, '2', '2', '197207061998031007', 5, '2017-02-12 09:48:06', '2017-02-12 09:48:06'),
(273, '2', '2', '198402112001122002', 13, '2017-02-12 09:48:06', '2017-02-12 09:48:06'),
(274, '2', '2', '198105222006041003', 13, '2017-02-12 09:48:06', '2017-02-12 09:48:06'),
(275, '2', '2', '196708192007011006', 6, '2017-02-12 09:48:06', '2017-02-12 09:48:06'),
(276, '2', '2', '196107301985031005', 13, '2017-02-12 09:48:06', '2017-02-12 09:48:06'),
(277, '2', '2', '197507242009011003', 13, '2017-02-12 09:48:06', '2017-02-12 09:48:06'),
(278, '2', '2', '197806042002121003', 13, '2017-02-12 09:48:06', '2017-02-12 09:48:06'),
(279, '2', '2', '198101292006041012', 15, '2017-02-12 09:48:06', '2017-02-12 09:48:06'),
(280, '2', '2', '198003302006041009', 6, '2017-02-12 09:48:06', '2017-02-12 09:48:06'),
(281, '2', '2', '198209082009011007', 9, '2017-02-12 09:48:06', '2017-02-12 09:48:06'),
(282, '2', '2', '193007041985031005', 7, '2017-02-12 09:48:06', '2017-02-12 09:48:06'),
(283, '2', '2', '196704241994031009', 9, '2017-02-12 09:48:06', '2017-02-12 09:48:06'),
(284, '2', '2', '197311112009011005', 10, '2017-02-12 09:48:06', '2017-02-12 09:48:06'),
(285, '2', '2', '198602122009011006', 11, '2017-02-12 09:48:06', '2017-02-12 09:48:06'),
(286, '2', '2', '197702082007011003', 14, '2017-02-12 09:48:07', '2017-02-12 09:48:07'),
(287, '2', '2', '196707051989021001', 13, '2017-02-12 09:48:07', '2017-02-12 09:48:07'),
(288, '2', '2', '197806122014062003', 15, '2017-02-12 09:48:07', '2017-02-12 09:48:07'),
(289, '1', '3', '196212301983031004', 9, '2017-02-12 09:49:15', '2017-02-12 09:49:15'),
(290, '1', '3', '196604061993031001', 14, '2017-02-12 09:49:15', '2017-02-12 09:49:15'),
(291, '1', '3', '196806211992121001', 9, '2017-02-12 09:49:15', '2017-02-12 09:49:15'),
(292, '1', '3', '197010041990031002', 11, '2017-02-12 09:49:15', '2017-02-12 09:49:15'),
(293, '1', '3', '197101011994012001', 12, '2017-02-12 09:49:15', '2017-02-12 09:49:15'),
(294, '1', '3', '197706201999121001', 5, '2017-02-12 09:49:15', '2017-02-12 09:49:15'),
(295, '1', '3', '196102081981011001', 15, '2017-02-12 09:49:16', '2017-02-12 09:49:16'),
(296, '1', '3', '197207061998031007', 5, '2017-02-12 09:49:16', '2017-02-12 09:49:16'),
(297, '1', '3', '198402112001122002', 13, '2017-02-12 09:49:16', '2017-02-12 09:49:16'),
(298, '1', '3', '198105222006041003', 13, '2017-02-12 09:49:16', '2017-02-12 09:49:16'),
(299, '1', '3', '196708192007011006', 6, '2017-02-12 09:49:16', '2017-02-12 09:49:16'),
(300, '1', '3', '196107301985031005', 13, '2017-02-12 09:49:16', '2017-02-12 09:49:16'),
(301, '1', '3', '197507242009011003', 13, '2017-02-12 09:49:16', '2017-02-12 09:49:16'),
(302, '1', '3', '197806042002121003', 13, '2017-02-12 09:49:16', '2017-02-12 09:49:16'),
(303, '1', '3', '198101292006041012', 15, '2017-02-12 09:49:16', '2017-02-12 09:49:16'),
(304, '1', '3', '198003302006041009', 6, '2017-02-12 09:49:16', '2017-02-12 09:49:16'),
(305, '1', '3', '198209082009011007', 9, '2017-02-12 09:49:16', '2017-02-12 09:49:16'),
(306, '1', '3', '193007041985031005', 7, '2017-02-12 09:49:16', '2017-02-12 09:49:16'),
(307, '1', '3', '196704241994031009', 9, '2017-02-12 09:49:16', '2017-02-12 09:49:16'),
(308, '1', '3', '197311112009011005', 10, '2017-02-12 09:49:16', '2017-02-12 09:49:16'),
(309, '1', '3', '198602122009011006', 11, '2017-02-12 09:49:16', '2017-02-12 09:49:16'),
(310, '1', '3', '197702082007011003', 14, '2017-02-12 09:49:16', '2017-02-12 09:49:16'),
(311, '1', '3', '196707051989021001', 13, '2017-02-12 09:49:16', '2017-02-12 09:49:16'),
(312, '1', '3', '197806122014062003', 15, '2017-02-12 09:49:16', '2017-02-12 09:49:16'),
(313, '3', '4', '196212301983031004', 9, '2017-02-12 09:50:07', '2017-02-12 09:50:07'),
(314, '3', '4', '196604061993031001', 14, '2017-02-12 09:50:07', '2017-02-12 09:50:07'),
(315, '3', '4', '196806211992121001', 9, '2017-02-12 09:50:07', '2017-02-12 09:50:07'),
(316, '3', '4', '197010041990031002', 11, '2017-02-12 09:50:07', '2017-02-12 09:50:07'),
(317, '3', '4', '197101011994012001', 12, '2017-02-12 09:50:07', '2017-02-12 09:50:07'),
(318, '3', '4', '197706201999121001', 5, '2017-02-12 09:50:07', '2017-02-12 09:50:07'),
(319, '3', '4', '196102081981011001', 15, '2017-02-12 09:50:07', '2017-02-12 09:50:07'),
(320, '3', '4', '197207061998031007', 5, '2017-02-12 09:50:07', '2017-02-12 09:50:07'),
(321, '3', '4', '198402112001122002', 13, '2017-02-12 09:50:08', '2017-02-12 09:50:08'),
(322, '3', '4', '198105222006041003', 13, '2017-02-12 09:50:08', '2017-02-12 09:50:08'),
(323, '3', '4', '196708192007011006', 6, '2017-02-12 09:50:08', '2017-02-12 09:50:08'),
(324, '3', '4', '196107301985031005', 13, '2017-02-12 09:50:08', '2017-02-12 09:50:08'),
(325, '3', '4', '197507242009011003', 13, '2017-02-12 09:50:08', '2017-02-12 09:50:08'),
(326, '3', '4', '197806042002121003', 13, '2017-02-12 09:50:08', '2017-02-12 09:50:08'),
(327, '3', '4', '198101292006041012', 15, '2017-02-12 09:50:08', '2017-02-12 09:50:08'),
(328, '3', '4', '198003302006041009', 6, '2017-02-12 09:50:08', '2017-02-12 09:50:08'),
(329, '3', '4', '198209082009011007', 9, '2017-02-12 09:50:08', '2017-02-12 09:50:08'),
(330, '3', '4', '193007041985031005', 7, '2017-02-12 09:50:08', '2017-02-12 09:50:08'),
(331, '3', '4', '196704241994031009', 9, '2017-02-12 09:50:08', '2017-02-12 09:50:08'),
(332, '3', '4', '197311112009011005', 10, '2017-02-12 09:50:08', '2017-02-12 09:50:08'),
(333, '3', '4', '198602122009011006', 11, '2017-02-12 09:50:08', '2017-02-12 09:50:08'),
(334, '3', '4', '197702082007011003', 14, '2017-02-12 09:50:08', '2017-02-12 09:50:08'),
(335, '3', '4', '196707051989021001', 13, '2017-02-12 09:50:08', '2017-02-12 09:50:08'),
(336, '3', '4', '197806122014062003', 15, '2017-02-12 09:50:08', '2017-02-12 09:50:08'),
(337, '5', '5', '196212301983031004', 9, '2017-02-12 09:50:30', '2017-02-12 09:50:30'),
(338, '5', '5', '196604061993031001', 14, '2017-02-12 09:50:30', '2017-02-12 09:50:30'),
(339, '5', '5', '196806211992121001', 9, '2017-02-12 09:50:30', '2017-02-12 09:50:30'),
(340, '5', '5', '197010041990031002', 11, '2017-02-12 09:50:30', '2017-02-12 09:50:30'),
(341, '5', '5', '197101011994012001', 12, '2017-02-12 09:50:30', '2017-02-12 09:50:30'),
(342, '5', '5', '197706201999121001', 5, '2017-02-12 09:50:31', '2017-02-12 09:50:31'),
(343, '5', '5', '196102081981011001', 15, '2017-02-12 09:50:31', '2017-02-12 09:50:31'),
(344, '5', '5', '197207061998031007', 5, '2017-02-12 09:50:31', '2017-02-12 09:50:31'),
(345, '5', '5', '198402112001122002', 13, '2017-02-12 09:50:31', '2017-02-12 09:50:31'),
(346, '5', '5', '198105222006041003', 13, '2017-02-12 09:50:31', '2017-02-12 09:50:31'),
(347, '5', '5', '196708192007011006', 6, '2017-02-12 09:50:31', '2017-02-12 09:50:31'),
(348, '5', '5', '196107301985031005', 13, '2017-02-12 09:50:31', '2017-02-12 09:50:31'),
(349, '5', '5', '197507242009011003', 13, '2017-02-12 09:50:31', '2017-02-12 09:50:31'),
(350, '5', '5', '197806042002121003', 13, '2017-02-12 09:50:31', '2017-02-12 09:50:31'),
(351, '5', '5', '198101292006041012', 15, '2017-02-12 09:50:31', '2017-02-12 09:50:31'),
(352, '5', '5', '198003302006041009', 6, '2017-02-12 09:50:31', '2017-02-12 09:50:31'),
(353, '5', '5', '198209082009011007', 9, '2017-02-12 09:50:31', '2017-02-12 09:50:31'),
(354, '5', '5', '193007041985031005', 7, '2017-02-12 09:50:31', '2017-02-12 09:50:31'),
(355, '5', '5', '196704241994031009', 9, '2017-02-12 09:50:31', '2017-02-12 09:50:31'),
(356, '5', '5', '197311112009011005', 10, '2017-02-12 09:50:31', '2017-02-12 09:50:31'),
(357, '5', '5', '198602122009011006', 11, '2017-02-12 09:50:31', '2017-02-12 09:50:31'),
(358, '5', '5', '197702082007011003', 14, '2017-02-12 09:50:31', '2017-02-12 09:50:31'),
(359, '5', '5', '196707051989021001', 13, '2017-02-12 09:50:31', '2017-02-12 09:50:31'),
(360, '5', '5', '197806122014062003', 15, '2017-02-12 09:50:31', '2017-02-12 09:50:31'),
(361, '1', '6', '196212301983031004', 5, '2017-02-23 06:45:29', '2017-02-23 06:45:29'),
(362, '1', '6', '196604061993031001', 6, '2017-02-23 06:45:30', '2017-02-23 06:45:30'),
(363, '1', '6', '196806211992121001', 6, '2017-02-23 06:45:30', '2017-02-23 06:45:30'),
(364, '1', '6', '197010041990031002', 6, '2017-02-23 06:45:30', '2017-02-23 06:45:30'),
(365, '1', '6', '197101011994012001', 4, '2017-02-23 06:45:30', '2017-02-23 06:45:30'),
(366, '1', '6', '197706201999121001', 5, '2017-02-23 06:45:30', '2017-02-23 06:45:30'),
(367, '1', '6', '196102081981011001', 6, '2017-02-23 06:45:30', '2017-02-23 06:45:30'),
(368, '1', '6', '197207061998031007', 4, '2017-02-23 06:45:30', '2017-02-23 06:45:30'),
(369, '1', '6', '198402112001122002', 4, '2017-02-23 06:45:30', '2017-02-23 06:45:30'),
(370, '1', '6', '198105222006041003', 6, '2017-02-23 06:45:30', '2017-02-23 06:45:30'),
(371, '1', '6', '196708192007011006', 6, '2017-02-23 06:45:30', '2017-02-23 06:45:30'),
(372, '1', '6', '196107301985031005', 6, '2017-02-23 06:45:30', '2017-02-23 06:45:30'),
(373, '1', '6', '197507242009011003', 6, '2017-02-23 06:45:30', '2017-02-23 06:45:30'),
(374, '1', '6', '197806042002121003', 6, '2017-02-23 06:45:30', '2017-02-23 06:45:30'),
(375, '1', '6', '198101292006041012', 4, '2017-02-23 06:45:30', '2017-02-23 06:45:30'),
(376, '1', '6', '198003302006041009', 6, '2017-02-23 06:45:30', '2017-02-23 06:45:30'),
(377, '1', '6', '198209082009011007', 5, '2017-02-23 06:45:30', '2017-02-23 06:45:30'),
(378, '1', '6', '193007041985031005', 4, '2017-02-23 06:45:30', '2017-02-23 06:45:30'),
(379, '1', '6', '196704241994031009', 5, '2017-02-23 06:45:30', '2017-02-23 06:45:30'),
(380, '1', '6', '197311112009011005', 6, '2017-02-23 06:45:30', '2017-02-23 06:45:30'),
(381, '1', '6', '198602122009011006', 4, '2017-02-23 06:45:30', '2017-02-23 06:45:30'),
(382, '1', '6', '197702082007011003', 5, '2017-02-23 06:45:30', '2017-02-23 06:45:30'),
(383, '1', '6', '196707051989021001', 4, '2017-02-23 06:45:31', '2017-02-23 06:45:31'),
(384, '1', '6', '197806122014062003', 5, '2017-02-23 06:45:31', '2017-02-23 06:45:31'),
(385, '2', '10', '196212301983031004', 6, '2017-03-08 07:38:17', '2017-03-08 07:38:17');

-- --------------------------------------------------------

--
-- Struktur dari tabel `responden`
--

CREATE TABLE `responden` (
  `id` int(11) NOT NULL,
  `survei` varchar(100) NOT NULL,
  `jml_responden` int(11) NOT NULL,
  `dateline` int(11) NOT NULL
) ENGINE=InnoDB DEFAULT CHARSET=latin1;

-- --------------------------------------------------------

--
-- Struktur dari tabel `seksi`
--

CREATE TABLE `seksi` (
  `id` int(11) NOT NULL,
  `seksi` varchar(50) NOT NULL
) ENGINE=InnoDB DEFAULT CHARSET=latin1;

--
-- Dumping data untuk tabel `seksi`
--

INSERT INTO `seksi` (`id`, `seksi`) VALUES
(1, 'Sosial'),
(2, 'Neraca Wilayah dan Analisis'),
(3, 'Produksi'),
(4, 'Distribusi'),
(5, 'IPDS');

-- --------------------------------------------------------

--
-- Struktur dari tabel `survei`
--

CREATE TABLE `survei` (
  `id` int(11) NOT NULL,
  `seksi_id` int(11) NOT NULL,
  `nama_survei` varchar(100) NOT NULL,
  `pendekatan_unit_sampel` int(11) NOT NULL,
  `indeks_kesulitan_id` int(11) NOT NULL,
  `created_at` datetime NOT NULL,
  `updated_at` datetime NOT NULL
) ENGINE=InnoDB DEFAULT CHARSET=latin1;

--
-- Dumping data untuk tabel `survei`
--

INSERT INTO `survei` (`id`, `seksi_id`, `nama_survei`, `pendekatan_unit_sampel`, `indeks_kesulitan_id`, `created_at`, `updated_at`) VALUES
(2, 2, 'Survei Wilayah', 1, 3, '2017-01-29 13:36:37', '2017-01-29 13:36:37'),
(3, 1, 'survei polkam', 2, 3, '2017-02-04 04:48:22', '2017-02-05 08:35:58'),
(4, 3, 'ubinan', 1, 2, '2017-02-04 04:48:55', '2017-02-04 04:48:55'),
(5, 5, 'survei kebutuhan data', 1, 1, '2017-02-04 04:49:46', '2017-02-04 04:49:46'),
(6, 1, 'sakernas', 1, 1, '2017-02-05 01:34:54', '2017-02-05 01:34:54'),
(8, 1, 'Susenas', 1, 1, '2017-02-05 01:37:06', '2017-02-05 01:37:06'),
(9, 3, 'imk', 1, 4, '2017-02-05 01:37:20', '2017-02-05 01:37:20'),
(10, 2, 'sklnp', 2, 5, '2017-02-05 01:37:33', '2017-02-05 01:37:33'),
(11, 4, 'survei hotel', 2, 2, '2017-02-05 01:37:54', '2017-02-05 01:37:54'),
(12, 4, 'survei harga', 2, 2, '2017-02-05 01:38:32', '2017-02-05 01:38:32'),
(13, 5, 'dda', 2, 1, '2017-02-05 01:38:50', '2017-02-05 01:38:50');

-- --------------------------------------------------------

--
-- Struktur dari tabel `target`
--

CREATE TABLE `target` (
  `id` int(11) NOT NULL,
  `tahun` int(11) NOT NULL,
  `bulan` varchar(20) NOT NULL,
  `nip` varchar(20) NOT NULL,
  `survei_id` int(11) NOT NULL,
  `target` int(11) NOT NULL,
  `dateline` int(11) NOT NULL,
  `realisasi` int(11) NOT NULL DEFAULT '0',
  `updated_at` datetime NOT NULL
) ENGINE=InnoDB DEFAULT CHARSET=latin1;

--
-- Dumping data untuk tabel `target`
--

INSERT INTO `target` (`id`, `tahun`, `bulan`, `nip`, `survei_id`, `target`, `dateline`, `realisasi`, `updated_at`) VALUES
(341, 2017, 'februari', '196212301983031004', 2, 40, 30, 13, '2017-03-04 18:40:53'),
(342, 2017, 'februari', '196604061993031001', 2, 40, 30, 0, '0000-00-00 00:00:00'),
(343, 2017, 'februari', '196806211992121001', 2, 50, 30, 0, '0000-00-00 00:00:00'),
(344, 2017, 'februari', '197010041990031002', 2, 40, 30, 0, '0000-00-00 00:00:00'),
(345, 2017, 'februari', '197101011994012001', 2, 40, 30, 0, '0000-00-00 00:00:00'),
(346, 2017, 'februari', '197706201999121001', 2, 30, 30, 0, '0000-00-00 00:00:00'),
(347, 2017, 'februari', '196102081981011001', 2, 50, 30, 0, '0000-00-00 00:00:00'),
(348, 2017, 'februari', '197207061998031007', 2, 50, 30, 0, '0000-00-00 00:00:00'),
(349, 2017, 'februari', '198402112001122002', 2, 40, 30, 0, '0000-00-00 00:00:00'),
(350, 2017, 'februari', '198105222006041003', 2, 40, 30, 0, '0000-00-00 00:00:00'),
(351, 2017, 'februari', '196708192007011006', 2, 40, 30, 0, '0000-00-00 00:00:00'),
(352, 2017, 'februari', '196107301985031005', 2, 40, 30, 0, '0000-00-00 00:00:00'),
(353, 2017, 'februari', '197507242009011003', 2, 40, 30, 0, '0000-00-00 00:00:00'),
(354, 2017, 'februari', '197806042002121003', 2, 40, 30, 0, '0000-00-00 00:00:00'),
(355, 2017, 'februari', '198101292006041012', 2, 40, 30, 0, '0000-00-00 00:00:00'),
(356, 2017, 'februari', '198003302006041009', 2, 50, 30, 0, '0000-00-00 00:00:00'),
(357, 2017, 'februari', '198209082009011007', 2, 50, 30, 0, '0000-00-00 00:00:00'),
(358, 2017, 'februari', '193007041985031005', 2, 40, 30, 0, '0000-00-00 00:00:00'),
(359, 2017, 'februari', '196704241994031009', 2, 40, 30, 0, '0000-00-00 00:00:00'),
(360, 2017, 'februari', '197311112009011005', 2, 50, 30, 0, '0000-00-00 00:00:00'),
(361, 2017, 'februari', '198602122009011006', 2, 40, 30, 0, '0000-00-00 00:00:00'),
(362, 2017, 'februari', '197702082007011003', 2, 40, 30, 0, '0000-00-00 00:00:00'),
(363, 2017, 'februari', '196707051989021001', 2, 50, 30, 0, '0000-00-00 00:00:00'),
(364, 2017, 'februari', '197806122014062003', 2, 50, 30, 0, '0000-00-00 00:00:00'),
(365, 2017, 'februari', '196212301983031004', 3, 40, 10, 12, '2017-03-04 18:40:01'),
(366, 2017, 'februari', '196604061993031001', 3, 40, 10, 0, '0000-00-00 00:00:00'),
(367, 2017, 'februari', '196806211992121001', 3, 40, 10, 0, '0000-00-00 00:00:00'),
(368, 2017, 'februari', '197010041990031002', 3, 30, 10, 0, '0000-00-00 00:00:00'),
(369, 2017, 'februari', '197101011994012001', 3, 40, 10, 0, '0000-00-00 00:00:00'),
(370, 2017, 'februari', '197706201999121001', 3, 30, 10, 0, '0000-00-00 00:00:00'),
(371, 2017, 'februari', '196102081981011001', 3, 40, 10, 0, '0000-00-00 00:00:00'),
(372, 2017, 'februari', '197207061998031007', 3, 40, 10, 0, '0000-00-00 00:00:00'),
(373, 2017, 'februari', '198402112001122002', 3, 40, 10, 0, '0000-00-00 00:00:00'),
(374, 2017, 'februari', '198105222006041003', 3, 40, 10, 0, '0000-00-00 00:00:00'),
(375, 2017, 'februari', '196708192007011006', 3, 40, 10, 0, '0000-00-00 00:00:00'),
(376, 2017, 'februari', '196107301985031005', 3, 40, 10, 0, '0000-00-00 00:00:00'),
(377, 2017, 'februari', '197507242009011003', 3, 30, 10, 0, '0000-00-00 00:00:00'),
(378, 2017, 'februari', '197806042002121003', 3, 40, 10, 0, '0000-00-00 00:00:00'),
(379, 2017, 'februari', '198101292006041012', 3, 40, 10, 0, '0000-00-00 00:00:00'),
(380, 2017, 'februari', '198003302006041009', 3, 40, 10, 0, '0000-00-00 00:00:00'),
(381, 2017, 'februari', '198209082009011007', 3, 40, 10, 0, '0000-00-00 00:00:00'),
(382, 2017, 'februari', '193007041985031005', 3, 40, 10, 0, '0000-00-00 00:00:00'),
(383, 2017, 'februari', '196704241994031009', 3, 40, 10, 0, '0000-00-00 00:00:00'),
(384, 2017, 'februari', '197311112009011005', 3, 40, 10, 0, '0000-00-00 00:00:00'),
(385, 2017, 'februari', '198602122009011006', 3, 40, 10, 0, '0000-00-00 00:00:00'),
(386, 2017, 'februari', '197702082007011003', 3, 40, 10, 0, '0000-00-00 00:00:00'),
(387, 2017, 'februari', '196707051989021001', 3, 40, 10, 0, '0000-00-00 00:00:00'),
(388, 2017, 'februari', '197806122014062003', 3, 40, 10, 0, '0000-00-00 00:00:00'),
(389, 2017, 'februari', '196212301983031004', 4, 50, 25, 0, '0000-00-00 00:00:00'),
(390, 2017, 'februari', '196604061993031001', 4, 50, 25, 0, '0000-00-00 00:00:00'),
(391, 2017, 'februari', '196806211992121001', 4, 50, 25, 0, '0000-00-00 00:00:00'),
(392, 2017, 'februari', '197010041990031002', 4, 40, 25, 0, '0000-00-00 00:00:00'),
(393, 2017, 'februari', '197101011994012001', 4, 50, 25, 0, '0000-00-00 00:00:00'),
(394, 2017, 'februari', '197706201999121001', 4, 40, 25, 0, '0000-00-00 00:00:00'),
(395, 2017, 'februari', '196102081981011001', 4, 50, 25, 0, '0000-00-00 00:00:00'),
(396, 2017, 'februari', '197207061998031007', 4, 60, 25, 0, '0000-00-00 00:00:00'),
(397, 2017, 'februari', '198402112001122002', 4, 50, 25, 0, '0000-00-00 00:00:00'),
(398, 2017, 'februari', '198105222006041003', 4, 50, 25, 0, '0000-00-00 00:00:00'),
(399, 2017, 'februari', '196708192007011006', 4, 50, 25, 0, '0000-00-00 00:00:00'),
(400, 2017, 'februari', '196107301985031005', 4, 50, 25, 0, '0000-00-00 00:00:00'),
(401, 2017, 'februari', '197507242009011003', 4, 40, 25, 0, '0000-00-00 00:00:00'),
(402, 2017, 'februari', '197806042002121003', 4, 50, 25, 0, '0000-00-00 00:00:00'),
(403, 2017, 'februari', '198101292006041012', 4, 50, 25, 0, '0000-00-00 00:00:00'),
(404, 2017, 'februari', '198003302006041009', 4, 50, 25, 0, '0000-00-00 00:00:00'),
(405, 2017, 'februari', '198209082009011007', 4, 50, 25, 0, '0000-00-00 00:00:00'),
(406, 2017, 'februari', '193007041985031005', 4, 50, 25, 0, '0000-00-00 00:00:00'),
(407, 2017, 'februari', '196704241994031009', 4, 50, 25, 0, '0000-00-00 00:00:00'),
(408, 2017, 'februari', '197311112009011005', 4, 50, 25, 0, '0000-00-00 00:00:00'),
(409, 2017, 'februari', '198602122009011006', 4, 50, 25, 0, '0000-00-00 00:00:00'),
(410, 2017, 'februari', '197702082007011003', 4, 50, 25, 0, '0000-00-00 00:00:00'),
(411, 2017, 'februari', '196707051989021001', 4, 50, 25, 0, '0000-00-00 00:00:00'),
(412, 2017, 'februari', '197806122014062003', 4, 50, 25, 0, '0000-00-00 00:00:00'),
(413, 2017, 'februari', '196212301983031004', 5, 50, 20, 19, '0000-00-00 00:00:00'),
(414, 2017, 'februari', '196604061993031001', 5, 50, 20, 0, '0000-00-00 00:00:00'),
(415, 2017, 'februari', '196806211992121001', 5, 60, 20, 0, '0000-00-00 00:00:00'),
(416, 2017, 'februari', '197010041990031002', 5, 50, 20, 0, '0000-00-00 00:00:00'),
(417, 2017, 'februari', '197101011994012001', 5, 60, 20, 0, '0000-00-00 00:00:00'),
(418, 2017, 'februari', '197706201999121001', 5, 40, 20, 0, '0000-00-00 00:00:00'),
(419, 2017, 'februari', '196102081981011001', 5, 60, 20, 0, '0000-00-00 00:00:00'),
(420, 2017, 'februari', '197207061998031007', 5, 60, 20, 0, '0000-00-00 00:00:00'),
(421, 2017, 'februari', '198402112001122002', 5, 50, 20, 0, '0000-00-00 00:00:00'),
(422, 2017, 'februari', '198105222006041003', 5, 60, 20, 0, '0000-00-00 00:00:00'),
(423, 2017, 'februari', '196708192007011006', 5, 50, 20, 0, '0000-00-00 00:00:00'),
(424, 2017, 'februari', '196107301985031005', 5, 50, 20, 0, '0000-00-00 00:00:00'),
(425, 2017, 'februari', '197507242009011003', 5, 50, 20, 0, '0000-00-00 00:00:00'),
(426, 2017, 'februari', '197806042002121003', 5, 50, 20, 0, '0000-00-00 00:00:00'),
(427, 2017, 'februari', '198101292006041012', 5, 50, 20, 0, '0000-00-00 00:00:00'),
(428, 2017, 'februari', '198003302006041009', 5, 60, 20, 0, '0000-00-00 00:00:00'),
(429, 2017, 'februari', '198209082009011007', 5, 60, 20, 0, '0000-00-00 00:00:00'),
(430, 2017, 'februari', '193007041985031005', 5, 50, 20, 0, '0000-00-00 00:00:00'),
(431, 2017, 'februari', '196704241994031009', 5, 50, 20, 0, '0000-00-00 00:00:00'),
(432, 2017, 'februari', '197311112009011005', 5, 60, 20, 0, '0000-00-00 00:00:00'),
(433, 2017, 'februari', '198602122009011006', 5, 50, 20, 0, '0000-00-00 00:00:00'),
(434, 2017, 'februari', '197702082007011003', 5, 50, 20, 0, '0000-00-00 00:00:00'),
(435, 2017, 'februari', '196707051989021001', 5, 60, 20, 0, '0000-00-00 00:00:00'),
(436, 2017, 'februari', '197806122014062003', 5, 60, 20, 0, '0000-00-00 00:00:00'),
(450, 2017, 'januari', '196503041994011008', 1, 10, 14, 0, '0000-00-00 00:00:00'),
(451, 2017, 'januari', '196212301983031008', 1, 10, 14, 0, '0000-00-00 00:00:00'),
(453, 2017, 'januari', '196806211992120992', 1, 10, 14, 0, '0000-00-00 00:00:00'),
(454, 2017, 'januari', '197010041990031008', 1, 10, 14, 0, '0000-00-00 00:00:00'),
(455, 2017, 'januari', '197101011994012000', 1, 10, 14, 0, '0000-00-00 00:00:00'),
(456, 2017, 'januari', '197706201999120992', 1, 10, 14, 0, '0000-00-00 00:00:00'),
(457, 2017, 'januari', '196102081981011008', 1, 10, 14, 0, '0000-00-00 00:00:00'),
(458, 2017, 'januari', '197207061998031008', 1, 10, 14, 0, '0000-00-00 00:00:00'),
(459, 2017, 'januari', '198402112001122016', 1, 10, 14, 0, '0000-00-00 00:00:00'),
(460, 2017, 'januari', '198105222006040992', 1, 10, 14, 0, '0000-00-00 00:00:00');

-- --------------------------------------------------------

--
-- Struktur dari tabel `tingkat_pendidikan`
--

CREATE TABLE `tingkat_pendidikan` (
  `id` int(11) NOT NULL,
  `tingkat_pendidikan` varchar(50) NOT NULL
) ENGINE=InnoDB DEFAULT CHARSET=latin1;

--
-- Dumping data untuk tabel `tingkat_pendidikan`
--

INSERT INTO `tingkat_pendidikan` (`id`, `tingkat_pendidikan`) VALUES
(1, 'Tidak Sekolah'),
(2, 'SD/MI/SR'),
(3, 'SMP/MTS'),
(4, 'SMA/MA'),
(5, 'DI/DII/DIII'),
(6, 'DIV/SI'),
(7, 'SII/SIII');

-- --------------------------------------------------------

--
-- Struktur dari tabel `users`
--

CREATE TABLE `users` (
  `id` int(11) NOT NULL,
  `name` varchar(50) NOT NULL,
  `username` varchar(50) NOT NULL,
  `nip` varchar(20) NOT NULL,
  `email` varchar(50) NOT NULL,
  `foto` varchar(50) NOT NULL DEFAULT 'unknown.png',
  `role` int(11) NOT NULL DEFAULT '3',
  `password` varchar(250) NOT NULL,
  `created_at` datetime NOT NULL,
  `updated_at` datetime NOT NULL,
  `remember_token` varchar(250) DEFAULT NULL
) ENGINE=InnoDB DEFAULT CHARSET=latin1;

--
-- Dumping data untuk tabel `users`
--

INSERT INTO `users` (`id`, `name`, `username`, `nip`, `email`, `foto`, `role`, `password`, `created_at`, `updated_at`, `remember_token`) VALUES
(22, 'Muhshi', 'muhshi', '196212301983031004', 'muhshi@kasi.com', 'Fkuc9d6nvY.jpeg', 1, '$2y$10$GT5PEBCwBILBalvPiE/EI.X4pSwZKDBrUABEoJKVyf1lQw3GsE7Fu', '2017-02-04 03:04:15', '2017-03-10 02:19:12', 'IGLYmRSdPH0XP609uNt3GgNfNl9D0XQP4oJMxBvApjTyiVS1m2OmOyJj7vU1'),
(23, 'Ir. Kusriyawanto', 'kusri', '', 'kusri@email.com', 'unknown.png', 2, '$2y$10$Ej9eUUvf3FFs6SJZ2Ik5sOhNNLD1RoTNmmBWmQy.MabMdGNd6jUGi', '2017-02-04 09:50:21', '2017-03-10 02:38:38', 'tV7xC8IGBXVNOqpoV0FTbooiOxc39Xb2ZZTdDl3SoXxeuR6JjYVAdyxVuoc0'),
(24, 'Drs. Sutarjo', 'sutarjo', '', 'sutarjo@email.com', 'unknown.png', 1, '$2a$06$zjuLAsUsdhGe8RWiR5.dveC0z4VDtdDrldjxkeQluE69dtA9vNnjm', '2017-02-04 09:51:06', '2017-02-04 09:51:06', NULL),
(25, 'MI Darmawan,SE, MM', 'darmawan', '', 'darmawan@email.com', 'unknown.png', 2, '$2y$10$Qym2BKTQjgrl8k86M64/QOvyAMHqen3Laavx7UlVC1yw6ZjMyBAs6', '2017-02-04 09:52:08', '2017-02-04 09:52:08', NULL),
(26, 'Drs. Yudianto, M.Si', 'yudi', '', 'yudi@email.com', 'unknown.png', 2, '$2y$10$y0r1ncJKbfMpmSqHIIh0B.PL3zynkMW.mlA.TZf5e.bPzcd4EXJ9K', '2017-02-04 09:52:40', '2017-02-04 09:52:40', NULL),
(27, 'Budi Hartono, SST', 'budi', '', 'budi@email.com', 'unknown.png', 2, '$2y$10$2sy0bJPdZZ6TsoYYH54h5u87CdArdjeshXwcL3MMNHgZNbeVZtG8e', '2017-02-04 09:53:09', '2017-02-04 09:53:09', NULL),
(28, 'Siti Sholichah,SP', 'siti', '', 'siti@email.com', 'unknown.png', 3, '$2y$10$1TAlaIhO.UfbND1ViOcoDuO.tLMgxcg7Ht93Es3bewwoqGGwNB/IW', '2017-02-04 09:53:47', '2017-02-04 09:53:47', NULL),
(29, 'Agung Prasetiyo,SST', 'agung', '', 'agung@bps.go.id', 'unknown.png', 2, '$2y$10$xYMlVsFIkTSSYnvQXRfQme.0mrHMhdKHhFnt6be4mLqEnj/NbfmbC', '2017-02-05 01:09:45', '2017-02-05 01:09:45', NULL),
(30, 'Mislanto, SE', 'mislanto', '', 'mislanto@bps.go.id', 'unknown.png', 3, '$2y$10$1OYhZJ3iaCXVj.w/6XRW/OljbEI56k39kAzzzWT8RJMAyRi8WvAIK', '2017-02-05 01:11:07', '2017-02-05 01:11:07', NULL),
(31, 'Eko Sugiyanto', 'eko', '', 'eko@bps.go.id', 'unknown.png', 3, '$2y$10$nq/JkbGCDROFC4nNTx3B9e/c0REOaohrJSZORNWckREdN/tpAe0QS', '2017-02-05 01:13:24', '2017-02-05 01:13:24', NULL),
(32, 'Arie Andriyani,SE', 'ari', '', 'ari@bps.go.id', 'unknown.png', 3, '$2y$10$/i0OGZGzv2ALqQpfVBY72uN/6mXYibdHKtEEHmBcMx5Cu.dpA/r5q', '2017-02-05 01:14:59', '2017-03-10 02:19:25', '7rguvm07t9cDegxrmtWGkJmowU9Xvl7AXrIYiCejpWtE0RmFPsiBMkanApPJ'),
(33, 'Mamat Didi Iswanto', 'mamat', '', 'mamat@bps.go.id', 'unknown.png', 3, '$2y$10$TWRbNKzcRnY3N/JaBQdjku3xxGj3pw3SDAuiirE/.qs7hky21S6A6', '2017-02-05 01:15:48', '2017-02-05 01:15:48', NULL),
(34, 'Mashuri', 'mashuri', '', 'mashuri@bps.go.id', 'unknown.png', 3, '$2y$10$Q/7PMTr6wdK1jcHhPu34deuQzfMgB2jfmVvaxNhgsRko4ZJ0xv8a6', '2017-02-05 01:18:09', '2017-02-05 01:18:09', NULL),
(35, 'Prayitno', 'prayitno@bps.go.id', '', 'prayitno@bps.go.id', 'unknown.png', 3, '$2y$10$isq3Dq.0roO4hE7pjVtXFOjk1gTLYnzrqah7SPZZgRcF1nMqYXGa.', '2017-02-05 01:19:25', '2017-02-05 01:19:25', NULL),
(36, 'Sucahyo Eddi,ST', 'edi', '', 'eddi@bps.go.id', 'unknown.png', 3, '$2y$10$s.lxHUYA00cPbYd3osKVIu.LCfSWufjLcbSA.J7JZvmMczw7c58uK', '2017-02-05 01:21:09', '2017-02-05 01:21:09', NULL),
(37, 'Bambang Suhartono', 'bambang', '', 'bambang@bps.go.id', 'unknown.png', 3, '$2y$10$feuZeG66R.finIMsqm7h1O8wAhqHZoPXOWOI3IMorWBWQxpw5iJ9C', '2017-02-05 01:22:08', '2017-02-05 01:22:08', NULL),
(38, 'Dwi Sukmono Aji', 'aji', '', 'aji@bps.go.id', 'unknown.png', 3, '$2y$10$.nIhfQVVhtgRzyuFgwswMuJaH6DysTY.Ngf/AL2.Rk/m.tN7tZv3e', '2017-02-05 01:23:21', '2017-02-05 01:23:21', NULL),
(39, 'Bayu Singgih Hardianto', 'bayu', '', 'bayu@bps.go.id', 'unknown.png', 3, '$2y$10$r0/QMk/bgZuC.l/rLA.iW.9xPw7ubudJtpKQ3Hl2lFQtALC6yT7OG', '2017-02-05 01:24:14', '2017-02-05 01:24:14', NULL),
(44, 'Bambang Subagyo,S Sos', 'bambangs', '', 'bambangs@bps.go.id', 'unknown.png', 3, '$2y$10$jA78pOpTyulAH7ngl2TmLuM.OS.GKhJcZACnrs8.kkhrxeb/H1J8C', '2017-02-05 01:28:23', '2017-02-05 01:28:23', NULL),
(45, 'Mujiono,SE', 'mujiono', '', 'mujiono@bps.go.id', 'unknown.png', 3, '$2y$10$nOgW9qOB8pKBIGr4V4V91u//g59hmOLZR2ehwsFqWerxaEp0KbEDO', '2017-02-05 01:29:30', '2017-02-05 01:29:30', NULL),
(46, 'Joko Santosa', 'joko', '', 'joko@bps.go.id', 'unknown.png', 3, '$2y$10$2anOyhaAiCbtsfcPprRTq.V.qhga6Lh6eUXXnViJwwEGqxTHodqpG', '2017-02-05 01:30:19', '2017-02-05 01:30:19', NULL),
(47, 'Yudha Adi Pratama', 'yuda', '', 'yuda@bps.go.id', 'unknown.png', 3, '$2y$10$CV8boERvrg/38BHQlEjeJ.seGD3v7uPj4OLMvhPW1rk/CVKuEFTOW', '2017-02-05 01:31:15', '2017-02-05 01:31:15', NULL),
(48, 'Andri Windiastono', 'andri', '', 'andri@bps.go.id', 'unknown.png', 3, '$2y$10$4oJcLohoMNqQLfvxRcCEQOChRKE5qAQqCr/Bq3r93OxpVIpHtirXO', '2017-02-05 01:32:02', '2017-02-05 01:32:02', NULL),
(49, 'Nurulia Widyaningsih', 'nurul', '', 'nurul@bps.go.id', 'unknown.png', 3, '$2y$10$M8yQaQZiN5kpxm2xyDlTz.6zzmYreElI4E9NT7w08UILUgsG0uutW', '2017-02-05 01:32:53', '2017-02-05 01:32:53', NULL),
(50, 'admin', 'admin', '', 'admin@gmail.com', 'unknown.png', 1, '$2a$06$zjuLAsUsdhGe8RWiR5.dveC0z4VDtdDrldjxkeQluE69dtA9vNnjm', '2017-02-09 00:00:00', '2017-02-11 17:55:52', '6mVXQci0giIG1nzdi6L97K4tgF0SVBimt7jfGK2S33waAc23932kVvAB50UB');

--
-- Indexes for dumped tables
--

--
-- Indexes for table `catatan_harian`
--
ALTER TABLE `catatan_harian`
  ADD PRIMARY KEY (`id`);

--
-- Indexes for table `ckpr`
--
ALTER TABLE `ckpr`
  ADD PRIMARY KEY (`id`);

--
-- Indexes for table `indeks_kesulitan`
--
ALTER TABLE `indeks_kesulitan`
  ADD PRIMARY KEY (`id`);

--
-- Indexes for table `jabatan`
--
ALTER TABLE `jabatan`
  ADD PRIMARY KEY (`id`);

--
-- Indexes for table `jlh_responden`
--
ALTER TABLE `jlh_responden`
  ADD PRIMARY KEY (`id`);

--
-- Indexes for table `jlh_responden_jabatan`
--
ALTER TABLE `jlh_responden_jabatan`
  ADD PRIMARY KEY (`id`);

--
-- Indexes for table `ketepatan_waktu`
--
ALTER TABLE `ketepatan_waktu`
  ADD PRIMARY KEY (`id`);

--
-- Indexes for table `kuesioner_pegawai`
--
ALTER TABLE `kuesioner_pegawai`
  ADD PRIMARY KEY (`id`);

--
-- Indexes for table `level_user`
--
ALTER TABLE `level_user`
  ADD PRIMARY KEY (`id`);

--
-- Indexes for table `lokasi_responden`
--
ALTER TABLE `lokasi_responden`
  ADD PRIMARY KEY (`id`);

--
-- Indexes for table `nilai_pengalaman`
--
ALTER TABLE `nilai_pengalaman`
  ADD PRIMARY KEY (`id`);

--
-- Indexes for table `password_resets`
--
ALTER TABLE `password_resets`
  ADD PRIMARY KEY (`id`);

--
-- Indexes for table `pegawai`
--
ALTER TABLE `pegawai`
  ADD PRIMARY KEY (`id`),
  ADD UNIQUE KEY `email` (`email`),
  ADD UNIQUE KEY `username` (`username`);

--
-- Indexes for table `pendekatan_unit_sampel`
--
ALTER TABLE `pendekatan_unit_sampel`
  ADD PRIMARY KEY (`id`);

--
-- Indexes for table `pengalaman_survei`
--
ALTER TABLE `pengalaman_survei`
  ADD PRIMARY KEY (`id`);

--
-- Indexes for table `prioritas`
--
ALTER TABLE `prioritas`
  ADD PRIMARY KEY (`id`);

--
-- Indexes for table `produktifitas`
--
ALTER TABLE `produktifitas`
  ADD PRIMARY KEY (`id`);

--
-- Indexes for table `responden`
--
ALTER TABLE `responden`
  ADD PRIMARY KEY (`id`);

--
-- Indexes for table `seksi`
--
ALTER TABLE `seksi`
  ADD PRIMARY KEY (`id`);

--
-- Indexes for table `survei`
--
ALTER TABLE `survei`
  ADD PRIMARY KEY (`id`);

--
-- Indexes for table `target`
--
ALTER TABLE `target`
  ADD PRIMARY KEY (`id`);

--
-- Indexes for table `tingkat_pendidikan`
--
ALTER TABLE `tingkat_pendidikan`
  ADD PRIMARY KEY (`id`);

--
-- Indexes for table `users`
--
ALTER TABLE `users`
  ADD PRIMARY KEY (`id`),
  ADD UNIQUE KEY `username` (`username`);

--
-- AUTO_INCREMENT for dumped tables
--

--
-- AUTO_INCREMENT for table `catatan_harian`
--
ALTER TABLE `catatan_harian`
  MODIFY `id` int(11) NOT NULL AUTO_INCREMENT, AUTO_INCREMENT=9;
--
-- AUTO_INCREMENT for table `ckpr`
--
ALTER TABLE `ckpr`
  MODIFY `id` int(11) NOT NULL AUTO_INCREMENT, AUTO_INCREMENT=116;
--
-- AUTO_INCREMENT for table `indeks_kesulitan`
--
ALTER TABLE `indeks_kesulitan`
  MODIFY `id` int(11) NOT NULL AUTO_INCREMENT, AUTO_INCREMENT=6;
--
-- AUTO_INCREMENT for table `jabatan`
--
ALTER TABLE `jabatan`
  MODIFY `id` int(11) NOT NULL AUTO_INCREMENT, AUTO_INCREMENT=4;
--
-- AUTO_INCREMENT for table `jlh_responden`
--
ALTER TABLE `jlh_responden`
  MODIFY `id` int(11) NOT NULL AUTO_INCREMENT;
--
-- AUTO_INCREMENT for table `jlh_responden_jabatan`
--
ALTER TABLE `jlh_responden_jabatan`
  MODIFY `id` int(11) NOT NULL AUTO_INCREMENT;
--
-- AUTO_INCREMENT for table `ketepatan_waktu`
--
ALTER TABLE `ketepatan_waktu`
  MODIFY `id` int(11) NOT NULL AUTO_INCREMENT, AUTO_INCREMENT=6;
--
-- AUTO_INCREMENT for table `kuesioner_pegawai`
--
ALTER TABLE `kuesioner_pegawai`
  MODIFY `id` int(11) NOT NULL AUTO_INCREMENT, AUTO_INCREMENT=53;
--
-- AUTO_INCREMENT for table `level_user`
--
ALTER TABLE `level_user`
  MODIFY `id` int(11) NOT NULL AUTO_INCREMENT, AUTO_INCREMENT=4;
--
-- AUTO_INCREMENT for table `lokasi_responden`
--
ALTER TABLE `lokasi_responden`
  MODIFY `id` int(11) NOT NULL AUTO_INCREMENT, AUTO_INCREMENT=4;
--
-- AUTO_INCREMENT for table `nilai_pengalaman`
--
ALTER TABLE `nilai_pengalaman`
  MODIFY `id` int(11) NOT NULL AUTO_INCREMENT, AUTO_INCREMENT=6;
--
-- AUTO_INCREMENT for table `password_resets`
--
ALTER TABLE `password_resets`
  MODIFY `id` int(11) NOT NULL AUTO_INCREMENT, AUTO_INCREMENT=12;
--
-- AUTO_INCREMENT for table `pegawai`
--
ALTER TABLE `pegawai`
  MODIFY `id` int(11) NOT NULL AUTO_INCREMENT, AUTO_INCREMENT=60;
--
-- AUTO_INCREMENT for table `pendekatan_unit_sampel`
--
ALTER TABLE `pendekatan_unit_sampel`
  MODIFY `id` int(11) NOT NULL AUTO_INCREMENT, AUTO_INCREMENT=3;
--
-- AUTO_INCREMENT for table `pengalaman_survei`
--
ALTER TABLE `pengalaman_survei`
  MODIFY `id` int(11) NOT NULL AUTO_INCREMENT, AUTO_INCREMENT=4;
--
-- AUTO_INCREMENT for table `prioritas`
--
ALTER TABLE `prioritas`
  MODIFY `id` int(11) NOT NULL AUTO_INCREMENT;
--
-- AUTO_INCREMENT for table `produktifitas`
--
ALTER TABLE `produktifitas`
  MODIFY `id` int(11) NOT NULL AUTO_INCREMENT, AUTO_INCREMENT=386;
--
-- AUTO_INCREMENT for table `responden`
--
ALTER TABLE `responden`
  MODIFY `id` int(11) NOT NULL AUTO_INCREMENT;
--
-- AUTO_INCREMENT for table `seksi`
--
ALTER TABLE `seksi`
  MODIFY `id` int(11) NOT NULL AUTO_INCREMENT, AUTO_INCREMENT=6;
--
-- AUTO_INCREMENT for table `survei`
--
ALTER TABLE `survei`
  MODIFY `id` int(11) NOT NULL AUTO_INCREMENT, AUTO_INCREMENT=14;
--
-- AUTO_INCREMENT for table `target`
--
ALTER TABLE `target`
  MODIFY `id` int(11) NOT NULL AUTO_INCREMENT, AUTO_INCREMENT=461;
--
-- AUTO_INCREMENT for table `tingkat_pendidikan`
--
ALTER TABLE `tingkat_pendidikan`
  MODIFY `id` int(11) NOT NULL AUTO_INCREMENT, AUTO_INCREMENT=8;
--
-- AUTO_INCREMENT for table `users`
--
ALTER TABLE `users`
  MODIFY `id` int(11) NOT NULL AUTO_INCREMENT, AUTO_INCREMENT=51;
/*!40101 SET CHARACTER_SET_CLIENT=@OLD_CHARACTER_SET_CLIENT */;
/*!40101 SET CHARACTER_SET_RESULTS=@OLD_CHARACTER_SET_RESULTS */;
/*!40101 SET COLLATION_CONNECTION=@OLD_COLLATION_CONNECTION */;
